supermarket_id,supermarket_name
STORE0001,Alameda de Concepción Mercader 34
STORE0002,Cuesta de Sandalio Muñoz 30
STORE0003,Vial Consuelo Osuna 72
STORE0004,Pasaje de Cornelio Asensio 62
STORE0005,Acceso de Lara Solsona 111
STORE0006,Camino Rita Solsona 51
STORE0007,Ronda de Onofre Herrero 3
STORE0008,C. de Horacio Anguita 8
STORE0009,Plaza de Ruperta Badía 84
STORE0010,Alameda Lourdes Gisbert 8
STORE0011,Pasaje de Jafet Alcázar 47
STORE0012,Urbanización Eloísa Vizcaíno 270
STORE0013,Cañada de Delfina Portillo 3
STORE0014,Acceso Elvira Alcalde 855
STORE0015,Alameda de Ana Sofía Egea 4
STORE0016,Calle Yésica Fuentes 90
STORE0017,Avenida de Joaquina Borrell 46
STORE0018,Plaza de Fabiola Chacón 775
STORE0019,Via Carolina Gascón 10
STORE0020,Cañada de Jordán Colom 97
STORE0021,Pasaje Leocadia Aguilar 83
STORE0022,Ronda de Emilia Ureña 73
STORE0023,Pasadizo Marcial Moll 4
STORE0024,Glorieta Darío Tapia 92
STORE0025,C. Roque Bayo 39
STORE0026,Calle de Victor Lobo 21
STORE0027,Calle de Erasmo Llorens 79
STORE0028,Cuesta de Ale Perelló 38
STORE0029,Vial de Cándida Morante 6
STORE0030,Plaza de Aurelio Navas 661
STORE0031,Acceso de Nazaret Díez 51
STORE0032,Alameda de Lupe Pablo 723
STORE0033,C. de Rolando Nadal 54
STORE0034,Acceso Rosalía Álamo 824
STORE0035,Pasadizo de Aránzazu Rozas 18
STORE0036,Via de Victor Manuel Español 58
STORE0037,Alameda Inés Navarrete 58
STORE0038,Callejón de Amparo Montesinos 158
STORE0039,Paseo Gregorio Ibarra 45
STORE0040,Camino de Natividad Torre 80
STORE0041,Callejón Sandra Amorós 76
STORE0042,Rambla de Curro Prieto 37
STORE0043,Cañada Olivia Gómez 34
STORE0044,Rambla de Elías Camacho 93
STORE0045,Vial de Paloma Tolosa 3
STORE0046,Plaza de Maricruz Villegas 7
STORE0047,Vial de Vito Cabo 39
STORE0048,Ronda de Benito Tur 9
STORE0049,Urbanización Sebastian Moles 9
STORE0050,Rambla de Pepe Rosell 506
STORE0051,Cañada de Reinaldo Gómez 552
STORE0052,Cuesta de Amelia Moll 45
STORE0053,Cuesta Irene Acedo 46
STORE0054,Avenida Federico Barbero 95
STORE0055,Paseo de Manu Donaire 7
STORE0056,Pasaje Maricruz Bosch 94
STORE0057,Alameda María Ángeles Cabezas 29
STORE0058,Camino de Berto Hernández 73
STORE0059,Plaza de Magdalena Arellano 1
STORE0060,Acceso Claudia Corral 82
STORE0061,Avenida de Hector Valls 29
STORE0062,Vial de Alma Canales 62
STORE0063,Alameda de Natividad Bautista 429
STORE0064,Alameda Pastor Barrena 84
STORE0065,Avenida de Alberto Martí 93
STORE0066,Pasaje Daniela Merino 917
STORE0067,Pasaje de Aura Goicoechea 62
STORE0068,Vial de Alexandra Batalla 65
STORE0069,Urbanización de Tere Trujillo 50
STORE0070,Via de Francisco Jose Lago 172
STORE0071,Acceso de Fortunata Piñeiro 277
STORE0072,Pasaje de Jose Antonio Simó 91
STORE0073,Vial de Ángel Sedano 62
STORE0074,C. de Ciro Macías 211
STORE0075,Paseo de Clemente Gordillo 305
STORE0076,Alameda de Trinidad Ruano 19
STORE0077,Cuesta de África Serrano 53
STORE0078,Acceso de Celso Soria 22
STORE0079,Cuesta Luís Huertas 8
STORE0080,Camino de Adán Rojas 78
STORE0081,Vial de Rosaura Criado 4
STORE0082,Vial Oriana Vendrell 11
STORE0083,Plaza Manolo Martorell 8
STORE0084,Camino Prudencio Lerma 47
STORE0085,Camino Amada Fuente 65
STORE0086,C. de Jacinta Sevilla 92
STORE0087,Avenida de Virgilio Galván 9
STORE0088,Cuesta de Ofelia Priego 66
STORE0089,Camino de Reynaldo Gimeno 81
STORE0090,Urbanización Candelas Tamarit 23
STORE0091,Via Vidal Font 62
STORE0092,Cuesta Paula Torrijos 32
STORE0093,Avenida de Estrella Vicens 89
STORE0094,Vial de María Luisa Andres 5
STORE0095,C. de Ofelia Adán 24
STORE0096,Rambla Saturnina Barros 65
STORE0097,Paseo de Mirta Pons 1
STORE0098,Paseo Marita Lara 7
STORE0099,Plaza de Morena Benitez 37
STORE0100,Urbanización Plinio Leon 42
STORE0101,Cañada Hilario Vélez 34
STORE0102,Via de Gonzalo Segovia 8
STORE0103,Plaza de Edgardo Gimeno 72
STORE0104,Cuesta Violeta Mir 47
STORE0105,Glorieta de Glauco Feliu 204
STORE0106,Pasaje Jose Carlos González 4
STORE0107,Rambla Berto Arias 945
STORE0108,Via Reyes Terrón 22
STORE0109,Acceso de Nadia Sureda 36
STORE0110,Calle Valentín Infante 600
STORE0111,Via de Ibán Rosselló 29
STORE0112,Pasaje Octavio Marí 9
STORE0113,Via Salvador Ochoa 42
STORE0114,Cuesta Che Miralles 101
STORE0115,Cañada Salomón Amaya 17
STORE0116,Avenida de Ester Viñas 66
STORE0117,Via Flor Armengol 28
STORE0118,Pasadizo de Samuel Corominas 75
STORE0119,Ronda de Aura Amo 23
STORE0120,Acceso Ani Castilla 243
STORE0121,Acceso Venceslás Oliva 47
STORE0122,Pasadizo de Cristian Cáceres 48
STORE0123,Via de Agustín Vergara 6
STORE0124,Glorieta de Roberto Solís 94
STORE0125,Ronda Dorotea Rozas 15
STORE0126,Camino de Quirino Perea 17
STORE0127,Pasadizo de Amparo Amaya 9
STORE0128,Rambla de Prudencio Carlos 61
STORE0129,Rambla de Emiliana Azorin 805
STORE0130,Cuesta Reyna Ocaña 2
STORE0131,Camino de Custodia Comas 74
STORE0132,Callejón de Benigno Samper 8
STORE0133,Avenida Hugo Cervera 42
STORE0134,Vial Luna Torrents 482
STORE0135,Calle de Alba Ruiz 86
STORE0136,Vial de Raquel Capdevila 67
STORE0137,Plaza Primitivo Quirós 13
STORE0138,C. Petrona Carmona 6
STORE0139,Alameda Nazario Lluch 52
STORE0140,Paseo Candelas Busquets 21
STORE0141,Avenida de Patricia Beltrán 35
STORE0142,Cuesta de Alberto Echevarría 88
STORE0143,Via Gabino Ugarte 1
STORE0144,Via Eduardo Rosell 5
STORE0145,Ronda Jose Manuel Peral 98
STORE0146,Urbanización Chus Herrera 3
STORE0147,Cuesta Eugenio Raya 1
STORE0148,C. Casandra Roma 70
STORE0149,Calle Francisco Tello 79
STORE0150,Cañada de Ruth Solís 678
STORE0151,Cuesta de Obdulia Revilla 26
STORE0152,C. de Patricio Zabaleta 4
STORE0153,Plaza Rosalía Saavedra 8
STORE0154,Avenida de Ramona Bauzà 11
STORE0155,Acceso Nazaret Castell 634
STORE0156,Callejón Jose Ramón Acuña 7
STORE0157,Cuesta Josefina Porta 31
STORE0158,Cañada Seve Bas 46
STORE0159,Calle Pedro Piñeiro 75
STORE0160,Vial Dimas León 51
STORE0161,Alameda de Leonardo Solsona 45
STORE0162,Plaza de Quirino Escudero 808
STORE0163,Calle Blanca Arrieta 74
STORE0164,Pasadizo de Charo Jaume 53
STORE0165,Alameda de Diana Pineda 8
STORE0166,Avenida de Agapito Valero 86
STORE0167,Glorieta de Carlota León 2
STORE0168,Urbanización Leticia Coello 556
STORE0169,Rambla Luis Ángel Feliu 185
STORE0170,Cañada Purificación Uribe 3
STORE0171,Glorieta de Abril Fonseca 73
STORE0172,Avenida Demetrio Lobato 59
STORE0173,Plaza Édgar Carranza 108
STORE0174,Rambla Juan Antonio Collado 84
STORE0175,Acceso de Gilberto Blazquez 86
STORE0176,Callejón Lino Valenzuela 33
STORE0177,Paseo Ariadna Casanovas 923
STORE0178,Cuesta Raúl Malo 22
STORE0179,Cañada Emilio Barrios 344
STORE0180,Pasadizo Rosalina Bonet 32
STORE0181,Cuesta Che Varela 561
STORE0182,Pasadizo de Jonatan Vicens 80
STORE0183,Cañada Otilia Valentín 637
STORE0184,Alameda de Ignacio Guerra 94
STORE0185,Urbanización de Olalla Girón 94
STORE0186,Urbanización Lalo Font 24
STORE0187,Urbanización Román Mateos 65
STORE0188,Plaza de Roberto Somoza 55
STORE0189,Alameda Manuela Avilés 44
STORE0190,Callejón de Sosimo Villalba 4
STORE0191,Alameda de Angelita Blanco 15
STORE0192,Cañada de Edu Plaza 284
STORE0193,Rambla de Juan Pablo Garrido 5
STORE0194,Cuesta de Tecla Guardiola 475
STORE0195,Cañada de Reinaldo Sáenz 60
STORE0196,Urbanización Fidela Pons 292
STORE0197,Callejón Edmundo Montaña 58
STORE0198,Pasadizo de Miriam Caro 484
STORE0199,Via Herminia Jimenez 29
STORE0200,Ronda de Bernardino Hernández 82
STORE0201,Ronda Norberto Carmona 6
STORE0202,Ronda Bárbara Briones 78
STORE0203,Acceso Cruz Esteve 1
STORE0204,Calle de Fidel Riera 59
STORE0205,Rambla de Jesús Briones 40
STORE0206,Glorieta de Plinio Teruel 5
STORE0207,Ronda Ainoa Luz 363
STORE0208,Calle Amelia Cabo 20
STORE0209,Vial de Jeremías Bru 4
STORE0210,Avenida Soledad Rius 315
STORE0211,Calle Albert Tur 21
STORE0212,C. Trinidad Ruano 64
STORE0213,Rambla Renata Ayala 66
STORE0214,Calle de Reinaldo Vigil 496
STORE0215,Pasadizo de Berta Garcés 81
STORE0216,Rambla de Maricela Grande 25
STORE0217,Via Ramón Amor 5
STORE0218,Paseo Ramona Santana 4
STORE0219,Rambla de Cristina Abril 305
STORE0220,Ronda de Renato Blasco 7
STORE0221,Cuesta de Noelia Ballester 31
STORE0222,Ronda Carmela Manrique 15
STORE0223,C. Aránzazu Moraleda 71
STORE0224,C. Nicolás Bermejo 40
STORE0225,Vial de Bibiana Menendez 8
STORE0226,Cuesta de Aurelio Polo 98
STORE0227,Pasaje de Jose Angel Godoy 8
STORE0228,Ronda Francisco Javier Manzanares 885
STORE0229,C. León Verdejo 42
STORE0230,Via Seve Campoy 91
STORE0231,Acceso de Efraín Uribe 575
STORE0232,Pasaje de Luciano Ribas 3
STORE0233,Pasadizo de Cipriano Cordero 9
STORE0234,Glorieta Albina Guillén 139
STORE0235,Pasadizo de Elías Ortuño 689
STORE0236,Glorieta de Estela Marti 39
STORE0237,Camino Valero Ojeda 42
STORE0238,Glorieta Paulina Piña 81
STORE0239,Callejón de Lucho Navarro 45
STORE0240,Rambla de Paz Jordá 45
STORE0241,Paseo Seve Núñez 1
STORE0242,C. Catalina Pedrosa 20
STORE0243,Cañada Angelina Saez 95
STORE0244,Camino de Dulce Calvo 562
STORE0245,Avenida de Jacinto Carbó 3
STORE0246,Plaza de Eligio Teruel 95
STORE0247,Camino de Juliana Garay 484
STORE0248,Calle Adrián Rojas 519
STORE0249,Pasadizo Máxima Cortes 28
STORE0250,Cuesta Albert Martin 67
STORE0251,Vial de José Antonio Seco 156
STORE0252,Avenida Vasco Carlos 70
STORE0253,Rambla de Pelayo Goicoechea 11
STORE0254,C. Horacio Vilalta 34
STORE0255,Via Efraín Viña 53
STORE0256,Plaza de Octavio Arnau 93
STORE0257,Urbanización de Joel Vizcaíno 7
STORE0258,Cañada de Noemí Carbajo 782
STORE0259,Cañada Daniela Valentín 19
STORE0260,C. de Wálter Tello 18
STORE0261,Camino de Tadeo Piñol 13
STORE0262,Cañada Silvestre Roig 30
STORE0263,Cañada Kike Almagro 99
STORE0264,Alameda de Alex Zabala 828
STORE0265,Urbanización María José Alfaro 6
STORE0266,Pasadizo de Trinidad Canals 83
STORE0267,Pasaje de Ana Aguilar 42
STORE0268,Pasadizo de Celia Fabregat 729
STORE0269,Cuesta de Lorena Quero 23
STORE0270,Camino de Félix Viana 538
STORE0271,Avenida de Galo Céspedes 408
STORE0272,Paseo Anunciación Acosta 29
STORE0273,Cuesta Lope Riquelme 51
STORE0274,Plaza Balduino Herranz 4
STORE0275,Acceso Ana Salinas 116
STORE0276,Cuesta Anunciación Amorós 45
STORE0277,Plaza de Ani Pedraza 30
STORE0278,Callejón de Hilda Murcia 52
STORE0279,Plaza de Calixta Agustín 105
STORE0280,Paseo Eli Leon 7
STORE0281,Rambla Felix Morante 44
STORE0282,Via de Jerónimo Palomo 16
STORE0283,Plaza de Luisa Arnal 8
STORE0284,Alameda María Yuste 3
STORE0285,Avenida Iker Rico 54
STORE0286,Cuesta de María Dolores Lorenzo 90
STORE0287,Paseo Cloe Llanos 6
STORE0288,Urbanización Elvira Lillo 63
STORE0289,Callejón Alexandra Daza 21
STORE0290,Via Adalberto Checa 41
STORE0291,C. de Marcos Cuevas 11
STORE0292,Pasaje de Macaria Vidal 30
STORE0293,Callejón de Palmira Palomo 10
STORE0294,Acceso de Damián Bartolomé 273
STORE0295,Via Ofelia Alcázar 82
STORE0296,Urbanización Iván Lopez 7
STORE0297,Vial de Nayara Sainz 44
STORE0298,Acceso de Jenny Fiol 3
STORE0299,Pasadizo Juanito Bustamante 7
STORE0300,Alameda de Maxi Pedrero 45
STORE0301,Callejón Venceslás Dalmau 65
STORE0302,Alameda de Modesta Abella 74
STORE0303,Vial de Marta Mayoral 19
STORE0304,Alameda de Flavia Ferrándiz 9
STORE0305,Rambla de Eladio Torralba 562
STORE0306,Pasaje Noa Villa 2
STORE0307,Avenida de Rita Viana 93
STORE0308,Pasadizo Humberto Sanmiguel 76
STORE0309,Callejón de Victor Falcó 3
STORE0310,Via Clarisa Mercader 79
STORE0311,Avenida de Odalis Feijoo 594
STORE0312,Camino Raimundo Torralba 78
STORE0313,Pasadizo Inmaculada Rodríguez 4
STORE0314,Alameda Cosme Pujadas 47
STORE0315,Callejón Olalla Almansa 1
STORE0316,Callejón de Cándido Mayo 51
STORE0317,Calle de Adelia Castells 20
STORE0318,Ronda de Estela Aller 8
STORE0319,Pasadizo Inmaculada Sacristán 17
STORE0320,Alameda de Cayetana Neira 97
STORE0321,Rambla Xavier Roldan 40
STORE0322,Via Micaela Iñiguez 540
STORE0323,C. Jordán Bonilla 69
STORE0324,Callejón de Ágata Cabrero 735
STORE0325,Cañada Marcia Planas 942
STORE0326,Paseo Mariana Rocha 62
STORE0327,Cuesta Enrique Gonzalo 12
STORE0328,Cañada de Genoveva Mendoza 39
STORE0329,Camino de Febe Prieto 99
STORE0330,Cañada de Encarnacion Tenorio 45
STORE0331,Alameda de Néstor Terrón 46
STORE0332,Paseo de Morena Tomas 79
STORE0333,Alameda Leocadia Cifuentes 26
STORE0334,Rambla Adela Prieto 38
STORE0335,Ronda Ascensión Vázquez 96
STORE0336,Vial de Faustino Pedrosa 704
STORE0337,Alameda Samu Suárez 88
STORE0338,Avenida de Perlita Carrillo 5
STORE0339,Paseo Marcelino Doménech 284
STORE0340,Camino Beatriz Alberdi 10
STORE0341,Callejón de Sergio Villalobos 254
STORE0342,Pasaje de Teodoro Cifuentes 49
STORE0343,Alameda de Yaiza Cerro 83
STORE0344,Pasaje de Tiburcio Esteve 43
STORE0345,Urbanización de Artemio Fabra 48
STORE0346,Acceso Arturo Cañete 5
STORE0347,Via Melania Barrios 8
STORE0348,Pasaje Fidela Paniagua 774
STORE0349,Paseo de Victoriano Alcalde 665
STORE0350,Glorieta de Adelia Miguel 23
STORE0351,Acceso Guillermo Torrijos 55
STORE0352,Urbanización Georgina Carbajo 78
STORE0353,Plaza Geraldo Borja 24
STORE0354,Vial de Godofredo Goicoechea 1
STORE0355,Ronda Óscar Báez 5
STORE0356,Plaza de Dan Jordá 59
STORE0357,Rambla Mayte Tomas 66
STORE0358,Ronda de Juanita Sanchez 97
STORE0359,Pasaje de Cristian Pulido 410
STORE0360,Cañada de Buenaventura Gual 2
STORE0361,Glorieta María Teresa Royo 30
STORE0362,Rambla Rodrigo Campo 14
STORE0363,Vial de Inés Domínguez 94
STORE0364,Vial Flor Viana 32
STORE0365,Cuesta de Aarón Bayo 62
STORE0366,C. de Clímaco Castillo 88
STORE0367,Vial Ruy Castillo 73
STORE0368,Pasadizo de Guiomar Cepeda 55
STORE0369,Via Nando Carpio 45
STORE0370,Avenida de Eulalia Albero 22
STORE0371,Calle Borja Collado 82
STORE0372,Ronda de Régulo Pallarès 73
STORE0373,Callejón Anabel Gomis 56
STORE0374,Rambla de Arturo Santos 69
STORE0375,Pasaje de Jordi Tovar 24
STORE0376,Urbanización Saturnina Gallo 485
STORE0377,C. Dan Heredia 1
STORE0378,Avenida Pía Barriga 41
STORE0379,Cuesta Anastasio Coloma 74
STORE0380,Glorieta Íñigo Pinto 2
STORE0381,Callejón de Odalys Verdú 70
STORE0382,Paseo Remigio Haro 380
STORE0383,Pasaje de Renato Rincón 89
STORE0384,Calle de Camilo Belda 256
STORE0385,Pasaje de Herberto Galiano 426
STORE0386,Pasadizo Gaspar Sáenz 16
STORE0387,Acceso de África Aramburu 89
STORE0388,Calle Alejandro Royo 51
STORE0389,Rambla de Seve Seguí 84
STORE0390,Paseo Eligio Gras 5
STORE0391,Avenida de Paco Sarabia 77
STORE0392,Pasadizo Cloe Gargallo 21
STORE0393,Plaza de Josefina Cuesta 23
STORE0394,Plaza de Sol Ochoa 70
STORE0395,Acceso Gala Barrena 46
STORE0396,Glorieta de Flavio Macías 27
STORE0397,Avenida Marisa Torrent 83
STORE0398,Vial Emilio Prieto 119
STORE0399,Ronda Selena Suarez 11
STORE0400,Calle Jaime Martin 86
STORE0401,Cuesta Estefanía Boada 71
STORE0402,Plaza de Juana Arce 11
STORE0403,Paseo Amalia Giménez 240
STORE0404,Pasaje Ester Correa 26
STORE0405,Rambla Oriana Marquez 78
STORE0406,Pasadizo Donato Cuéllar 6
STORE0407,Callejón de Pascual Cantero 449
STORE0408,Callejón Maricela Baños 3
STORE0409,Pasadizo de Ignacia Boada 34
STORE0410,Cuesta de Hipólito Dávila 7
STORE0411,Plaza de Narciso Tirado 14
STORE0412,Ronda Ani Sebastián 5
STORE0413,Alameda Felipa Grande 2
STORE0414,Plaza de Berta Sarabia 87
STORE0415,Plaza de María Ángeles Barranco 36
STORE0416,Via Rosa María Calleja 3
STORE0417,Camino Lorenzo Valls 74
STORE0418,Plaza de Abigaíl Ferrando 74
STORE0419,Cañada Alejo Donaire 83
STORE0420,Rambla de Mateo Solsona 24
STORE0421,Acceso Flor Manzano 26
STORE0422,Paseo de Pedro Barral 26
STORE0423,Paseo de Amancio Ávila 67
STORE0424,Avenida de Emilia Cordero 8
STORE0425,Callejón Dionisia Colom 15
STORE0426,Acceso Alejandro Patiño 81
STORE0427,Via de Florinda Espinosa 37
STORE0428,Ronda Natalio Ramos 3
STORE0429,Glorieta de Buenaventura Vall 455
STORE0430,Glorieta de Jose Luis Pla 95
STORE0431,Rambla de Roberta Silva 7
STORE0432,Paseo de Dominga Ramón 569
STORE0433,Acceso Marina Camps 1
STORE0434,C. Reyna Frías 51
STORE0435,Glorieta Vanesa Camps 89
STORE0436,Camino Octavia Martin 14
STORE0437,Cuesta Martín Díez 50
STORE0438,Vial de César Rivera 21
STORE0439,Pasadizo de Manu Sanmartín 48
STORE0440,Cañada Guiomar Iniesta 50
STORE0441,Via de Haydée Coca 39
STORE0442,Pasaje Efraín Franco 9
STORE0443,Via Florencia Alcalde 36
STORE0444,Rambla Fidel Franch 87
STORE0445,Rambla de Carla Diéguez 3
STORE0446,Alameda Imelda Colom 88
STORE0447,Alameda Jacobo Bonet 23
STORE0448,Pasadizo de Tiburcio Rojas 76
STORE0449,Pasaje de Porfirio Arribas 33
STORE0450,Urbanización de Conrado Rueda 214
STORE0451,Alameda de Irma Mariño 36
STORE0452,Ronda Custodio Mármol 9
STORE0453,Plaza María España 7
STORE0454,Alameda Tere Morán 93
STORE0455,Cuesta de Vidal Bernal 61
STORE0456,Camino de Roldán Iniesta 57
STORE0457,Acceso de Dominga Crespi 2
STORE0458,Urbanización Marianela Valenciano 13
STORE0459,Ronda Cristóbal Luís 42
STORE0460,Cuesta Juan Pablo Cabrero 144
STORE0461,Ronda Esperanza Arteaga 56
STORE0462,Paseo de Prudencio Cuenca 33
STORE0463,Pasadizo Celia Pozo 87
STORE0464,Calle de Eric Costa 8
STORE0465,Rambla de Elisabet León 432
STORE0466,Plaza Salud Pavón 436
STORE0467,Glorieta de Bárbara Cánovas 219
STORE0468,Cuesta de Fausto Botella 90
STORE0469,Glorieta de Carlota Mena 44
STORE0470,Calle de Ligia Canals 612
STORE0471,Urbanización de Ale Macías 15
STORE0472,Cañada de Anastasia Pedrosa 99
STORE0473,Cañada Timoteo Gras 36
STORE0474,Acceso Hugo Paniagua 52
STORE0475,Rambla de Caridad Ángel 47
STORE0476,Alameda Rosa María Canals 70
STORE0477,Glorieta José Ferrero 99
STORE0478,Glorieta Edgardo Carbajo 664
STORE0479,Urbanización de Aránzazu Calvo 52
STORE0480,Paseo Eva María Gual 88
STORE0481,Via Virgilio Riera 22
STORE0482,Glorieta Nico Cabezas 42
STORE0483,Cañada de Raúl Calvo 27
STORE0484,Paseo de Amor Colomer 800
STORE0485,Urbanización Ale Arribas 61
STORE0486,Urbanización Angélica Gargallo 486
STORE0487,Acceso de Leopoldo Acevedo 946
STORE0488,Plaza Lina Campoy 31
STORE0489,Ronda Berta Codina 45
STORE0490,Alameda de Evaristo Castejón 56
STORE0491,Urbanización de Elvira Mateo 3
STORE0492,Vial de Ricardo Guillén 253
STORE0493,Alameda de Jose Casals 431
STORE0494,Calle Amarilis Llorens 7
STORE0495,Callejón Manuelita Gimeno 6
STORE0496,Callejón de Ligia Tomás 89
STORE0497,Callejón Consuelo Corbacho 12
STORE0498,Avenida María Luisa Vaquero 17
STORE0499,Glorieta Ligia Soria 71
STORE0500,Acceso Ximena Llabrés 42
STORE0501,Avenida de Mauricio Sotelo 93
STORE0502,Cañada de Juan Pablo Puerta 441
STORE0503,Calle de Pili Roldán 903
STORE0504,Pasaje de Juan Francisco Bolaños 41
STORE0505,Camino de Lilia Marti 52
STORE0506,C. Teobaldo Landa 7
STORE0507,Pasaje Dorita Tejera 9
STORE0508,Acceso Amando Elías 9
STORE0509,Vial de Itziar Nicolás 60
STORE0510,Avenida Maristela Cabrera 4
STORE0511,Via Valeria Roma 17
STORE0512,Vial de Soledad Castejón 9
STORE0513,Via Brígida Bautista 9
STORE0514,Ronda Joaquín Ríos 47
STORE0515,Vial de Selena Guitart 47
STORE0516,Avenida de Teresita Marí 175
STORE0517,Avenida de Amado Gallego 8
STORE0518,Callejón de Sandalio Cantero 1
STORE0519,C. de Nando Galindo 59
STORE0520,Cuesta Loida Quintanilla 84
STORE0521,Urbanización Lilia Juliá 91
STORE0522,Calle de Esther Verdejo 15
STORE0523,Vial de Eliseo Marín 8
STORE0524,Callejón de Cristina Sastre 847
STORE0525,Paseo de Jose Francisco Barral 51
STORE0526,Via de Ruperto Blazquez 25
STORE0527,Callejón Mateo Casares 85
STORE0528,Via de Paz Martinez 68
STORE0529,Plaza Gala Teruel 150
STORE0530,Pasaje de Patricio Sobrino 52
STORE0531,Avenida de Constanza Jerez 8
STORE0532,Alameda de Remedios Bertrán 13
STORE0533,Camino Lorenza Mate 7
STORE0534,Pasadizo Rolando Antón 57
STORE0535,Acceso de Candelaria Flores 521
STORE0536,Rambla de Natalio Fabregat 5
STORE0537,Plaza Concepción Benítez 81
STORE0538,Camino Eliseo Cerro 16
STORE0539,Avenida Sergio Antúnez 69
STORE0540,Via de Evita Porras 7
STORE0541,Paseo Gervasio Ferrero 25
STORE0542,Glorieta María Fernanda Rosselló 4
STORE0543,Pasaje de Emelina Castellanos 79
STORE0544,Ronda de Américo Ramón 89
STORE0545,Ronda de Omar Yuste 63
STORE0546,Via Dalila Grau 38
STORE0547,C. Áurea Olivera 95
STORE0548,Callejón Luis Barrio 55
STORE0549,Cuesta Néstor Huerta 96
STORE0550,Callejón de Joaquín Ferrera 51
STORE0551,Cuesta Benigna Osuna 35
STORE0552,Rambla de Lupe Perales 54
STORE0553,Glorieta de Chuy Palau 63
STORE0554,Callejón Estela Briones 955
STORE0555,Ronda de Julie Guitart 6
STORE0556,Glorieta León Ruiz 49
STORE0557,Cañada de Encarnación Mancebo 37
STORE0558,Cuesta Hilario Peral 75
STORE0559,Glorieta de Octavio Prieto 501
STORE0560,Cañada Luisa Pla 3
STORE0561,Callejón Leticia Alsina 3
STORE0562,Callejón Arsenio Becerra 39
STORE0563,Rambla de Bonifacio Cruz 36
STORE0564,Via Carmelita Salvador 91
STORE0565,Glorieta de Rafael Urrutia 176
STORE0566,Cañada Anselma Briones 42
STORE0567,Urbanización Angélica Polo 107
STORE0568,Calle de Natalia Egea 235
STORE0569,Rambla Concha Torre 361
STORE0570,Pasadizo de Casandra Quesada 24
STORE0571,Via de Leire Navas 93
STORE0572,Vial de Lourdes Gonzalez 78
STORE0573,Ronda Esther Valbuena 50
STORE0574,Ronda de Hermenegildo Larrañaga 4
STORE0575,Cañada de Alondra Barbero 92
STORE0576,Camino Adelardo Casals 279
STORE0577,Pasadizo de Andrea Castro 76
STORE0578,C. Eusebio Garzón 216
STORE0579,Via de Eusebia Amat 61
STORE0580,Avenida de Abraham Agudo 89
STORE0581,Via de María Cristina Morcillo 33
STORE0582,C. Cruz Bauzà 9
STORE0583,Pasadizo de Teresita Alsina 51
STORE0584,Alameda de Raquel Segura 24
STORE0585,Pasadizo Isabela Maza 88
STORE0586,Plaza Brígida Benitez 72
STORE0587,Callejón de Marita Verdugo 63
STORE0588,Cuesta de María Jesús Murillo 30
STORE0589,Urbanización de Maite Taboada 17
STORE0590,C. de Armando Arroyo 72
STORE0591,Calle de Amando Cifuentes 83
STORE0592,Ronda Urbano Acedo 55
STORE0593,Pasaje Jose Luis Morales 889
STORE0594,Via de Reyes Solera 9
STORE0595,C. de Hugo León 62
STORE0596,Callejón Juliana Suárez 65
STORE0597,Camino José Manuel Canales 213
STORE0598,Ronda de Sandra Briones 54
STORE0599,C. Milagros Flores 2
STORE0600,Cañada de Agapito Caballero 44
STORE0601,Acceso Bernardita Barrera 6
STORE0602,Callejón Sol Salvador 711
STORE0603,Camino de Hilario Marqués 16
STORE0604,Cuesta de Paco Folch 67
STORE0605,Ronda de Almudena Sabater 70
STORE0606,Vial Elvira Coca 3
STORE0607,Avenida Jordana Boada 5
STORE0608,Via de Anacleto Amorós 82
STORE0609,Glorieta de Leyre Pomares 585
STORE0610,Cañada de Rosa María Uriarte 2
STORE0611,Cuesta de Reina Madrigal 69
STORE0612,Glorieta de Ciriaco Tejada 21
STORE0613,Callejón de Edgardo Barranco 39
STORE0614,Plaza Eligio Iniesta 72
STORE0615,Vial de Benito Almazán 503
STORE0616,Alameda Victoria Checa 24
STORE0617,Pasadizo Consuela Zaragoza 94
STORE0618,Callejón de Ariel Fabregat 637
STORE0619,Paseo Maura Matas 3
STORE0620,Urbanización de Mariano Rocamora 2
STORE0621,Glorieta de Nidia Cordero 69
STORE0622,Pasadizo de Anastasio Pla 531
STORE0623,Plaza Pablo Rosales 59
STORE0624,Via de Jonatan López 124
STORE0625,Urbanización Lina Hervia 58
STORE0626,Cuesta de Felix Ayllón 42
STORE0627,C. de Marco Cuevas 3
STORE0628,Via de Charo Collado 98
STORE0629,Ronda Eduardo Tello 257
STORE0630,Avenida de Godofredo Casals 18
STORE0631,Pasaje Esperanza Castilla 84
STORE0632,Calle Marcos Ojeda 86
STORE0633,C. de José Mari Canales 45
STORE0634,Pasadizo de Calixto Soler 386
STORE0635,Cañada Bernardino Pomares 9
STORE0636,Ronda Florentina Coloma 40
STORE0637,Glorieta de Olivia Yuste 25
STORE0638,Ronda Olalla Guardia 1
STORE0639,Glorieta de Ani Martin 277
STORE0640,Urbanización de Dorotea Murillo 1
STORE0641,Callejón de Amor Gámez 109
STORE0642,Paseo de Jorge Muñoz 25
STORE0643,Rambla de Pastor Conde 121
STORE0644,Alameda de Guadalupe Aller 722
STORE0645,Callejón de Ágata Costa 568
STORE0646,Urbanización Paulino Carbó 876
STORE0647,Avenida Calixto Sanchez 34
STORE0648,Pasadizo Pascuala Abella 80
STORE0649,Rambla Cleto Cerro 28
STORE0650,Pasadizo Emiliana Trujillo 1
STORE0651,Alameda de Isabela Rueda 421
STORE0652,Pasadizo de Jose Antonio Soler 86
STORE0653,Pasadizo Aroa Benitez 7
STORE0654,Rambla de Cayetana Arévalo 742
STORE0655,Avenida de Rogelio Arnau 88
STORE0656,Urbanización de Nereida Murcia 49
STORE0657,Urbanización de Conrado Paniagua 4
STORE0658,Urbanización de Trinidad Botella 245
STORE0659,Acceso de Aurora Bustamante 23
STORE0660,Callejón Gerónimo Dalmau 5
STORE0661,Pasadizo de Ovidio Gaya 928
STORE0662,Callejón de Albina Grau 2
STORE0663,Paseo María Cristina Vallejo 46
STORE0664,Avenida de Domingo Acuña 68
STORE0665,Pasaje Gracia Blazquez 9
STORE0666,Calle de Narciso Dalmau 47
STORE0667,Acceso de Cruz Reig 58
STORE0668,Vial de Chita Carrillo 1
STORE0669,Pasaje Ciro Olivé 97
STORE0670,Camino Ariel Cámara 10
STORE0671,Callejón Eric Adán 488
STORE0672,Alameda de Hernando Bueno 871
STORE0673,Camino Andrea Luján 6
STORE0674,Alameda de Bernarda Fiol 83
STORE0675,Paseo de Olivia Ferrán 2
STORE0676,Ronda de Eli Adadia 14
STORE0677,Plaza de Natalio Cisneros 4
STORE0678,C. Encarnita Gonzalo 4
STORE0679,Cuesta Antonia Campoy 766
STORE0680,Avenida Delia Múgica 98
STORE0681,Callejón Pacífica Gimenez 67
STORE0682,Ronda Amando Dalmau 95
STORE0683,Rambla de Isaura Aguiló 41
STORE0684,Pasaje Rosario Andrade 9
STORE0685,Pasaje de Toni Calvo 661
STORE0686,Cañada de Diego Valderrama 692
STORE0687,Ronda Juan Luis Olivares 91
STORE0688,Rambla Lázaro Carmona 25
STORE0689,Via de Ruperto Vega 90
STORE0690,Rambla de Jordi Rodrigo 428
STORE0691,Plaza Olivia Raya 25
STORE0692,Cañada de Kike Cuéllar 86
STORE0693,Callejón de Epifanio Berrocal 42
STORE0694,Cuesta Cándida Verdú 26
STORE0695,Paseo de Octavio Carmona 73
STORE0696,Avenida de Bernardino Beltran 822
STORE0697,Plaza de Santos Tormo 77
STORE0698,Vial Delfina Osuna 51
STORE0699,Ronda Julio César Ramirez 70
STORE0700,C. de Isa Solana 19
STORE0701,Rambla Gloria Rebollo 93
STORE0702,Urbanización Etelvina Buendía 17
STORE0703,Acceso de Candela Pinilla 16
STORE0704,Rambla de Custodio Ureña 87
STORE0705,Rambla Paco Guijarro 48
STORE0706,Plaza de Merche Carrera 55
STORE0707,Paseo de Ágata Verdugo 66
STORE0708,Ronda de Diana Ponce 78
STORE0709,Vial de Rodolfo Palomar 65
STORE0710,Avenida Candelas Corbacho 1
STORE0711,Pasadizo de Joan Vidal 87
STORE0712,Pasaje de Anunciación Saura 68
STORE0713,Via Plinio Casanova 85
STORE0714,Vial Abel Quintana 393
STORE0715,Via de Nydia Montenegro 646
STORE0716,Pasaje Eugenio Marquez 28
STORE0717,Alameda de Carmen Bayo 712
STORE0718,Avenida de Marcos Montesinos 460
STORE0719,Paseo Ruben Varela 3
STORE0720,Paseo Juan Carlos Juan 83
STORE0721,Cañada de Iris Revilla 25
STORE0722,Pasadizo de Marcia Polo 30
STORE0723,Pasaje de Matías Tur 26
STORE0724,Rambla Carmela Valencia 52
STORE0725,Callejón de Baudelio Segovia 77
STORE0726,Via de Julieta Juliá 3
STORE0727,Calle de Arsenio Castelló 527
STORE0728,Callejón de Encarnita Álvaro 181
STORE0729,Cuesta Juan Carlos Jove 269
STORE0730,Avenida de Tamara Miralles 15
STORE0731,Ronda de Alexandra Santana 310
STORE0732,Plaza Alonso Lobato 93
STORE0733,C. Soledad Quero 57
STORE0734,Paseo de Anna Peiró 17
STORE0735,Rambla de Macarena Guerra 22
STORE0736,Acceso Nacio Cózar 15
STORE0737,Pasaje Leticia Calatayud 942
STORE0738,Callejón Maura Agustín 4
STORE0739,Pasadizo de Aureliano Francisco 717
STORE0740,Acceso de Jorge Martí 43
STORE0741,Pasadizo de Fidel Quevedo 44
STORE0742,Alameda Miriam Rodrigo 1
STORE0743,Glorieta Florencia Heras 711
STORE0744,Callejón Lucas Santana 84
STORE0745,Vial de Balduino Navarro 5
STORE0746,Vial de Carmina Palomino 29
STORE0747,Rambla Fabiana Fuster 6
STORE0748,Rambla Jacinto Pagès 18
STORE0749,Glorieta Chita Bernat 943
STORE0750,Glorieta de Julián Castrillo 50
STORE0751,Camino de Haroldo Noriega 730
STORE0752,Urbanización Nilo Ugarte 7
STORE0753,Paseo Manu Baquero 9
STORE0754,Callejón de Nacho Valero 3
STORE0755,Camino Prudencia Castrillo 48
STORE0756,Rambla África Tur 3
STORE0757,Avenida Charo Quintero 97
STORE0758,Avenida Edgardo Enríquez 25
STORE0759,Cañada de Roberta Carrillo 50
STORE0760,Plaza de Jessica Amador 3
STORE0761,Callejón Bernardo Carrión 34
STORE0762,Paseo Darío Martí 3
STORE0763,Ronda Dulce Goñi 90
STORE0764,C. de Severiano Cabrera 66
STORE0765,Plaza de Fito Toro 47
STORE0766,Paseo de Kike Gaya 50
STORE0767,Pasaje Ariel Taboada 410
STORE0768,Rambla Francisco Jose Iglesia 26
STORE0769,Vial Hilario Suarez 46
STORE0770,Glorieta de Rita Tirado 1
STORE0771,Acceso Flor Corbacho 54
STORE0772,Urbanización Marcela Leon 1
STORE0773,Camino de Chuy Castrillo 80
STORE0774,Rambla de Fito Agudo 77
STORE0775,Urbanización de Desiderio Toledo 14
STORE0776,Pasadizo Alejo Jara 923
STORE0777,Glorieta de Abigaíl Cabezas 49
STORE0778,Vial de Samuel Valderrama 7
STORE0779,Avenida Paloma Jaén 8
STORE0780,Cuesta Joan Saez 93
STORE0781,Acceso de Alejandro Abril 22
STORE0782,Avenida Caridad Arteaga 1
STORE0783,Paseo Azahar Urrutia 73
STORE0784,Ronda Javier Duran 76
STORE0785,Plaza Trini Parra 39
STORE0786,Camino de Aristides Colom 1
STORE0787,Vial de Blanca Mayo 80
STORE0788,Pasaje de Eusebio Jimenez 21
STORE0789,Cañada Fabiola Carrera 46
STORE0790,Acceso de Berto Noriega 7
STORE0791,Cañada Visitación Belda 736
STORE0792,C. de Inocencio Aguirre 17
STORE0793,Vial Ale Aranda 533
STORE0794,Calle Fito Morillo 33
STORE0795,Cañada de Noelia Barreda 3
STORE0796,Calle Javier Amaya 49
STORE0797,Ronda de Amílcar Olivares 232
STORE0798,Avenida de Jenny Barco 6
STORE0799,Alameda de Íñigo Prieto 54
STORE0800,C. Blas Rius 15
STORE0801,Pasadizo Jordi Chico 16
STORE0802,C. Nicanor Solé 759
STORE0803,Rambla Estefanía Alberdi 5
STORE0804,Urbanización de Bonifacio Montserrat 35
STORE0805,Vial de Heraclio Castrillo 73
STORE0806,Cuesta de Maxi Fuente 117
STORE0807,Acceso Chelo Noguera 8
STORE0808,Alameda Inmaculada Vives 43
STORE0809,Urbanización Mariano Olivera 80
STORE0810,Cañada de Teófila Acuña 23
STORE0811,Pasaje de Julián Clemente 59
STORE0812,Callejón Paz Company 28
STORE0813,Via de Nico Benet 42
STORE0814,Camino Baldomero Cabanillas 14
STORE0815,Pasaje Octavia Becerra 32
STORE0816,Ronda Renata Peñalver 77
STORE0817,Rambla Coral Salgado 1
STORE0818,Rambla de Dorita Antúnez 42
STORE0819,Avenida Bernardita Coloma 9
STORE0820,Rambla de Pastora Nogueira 7
STORE0821,Glorieta de Maximiano Gibert 31
STORE0822,Alameda de María Baeza 317
STORE0823,Via de Segismundo Duarte 651
STORE0824,Pasadizo de Ana Jover 85
STORE0825,Vial de Macario Barrio 21
STORE0826,Avenida Florentino Montoya 6
STORE0827,C. de Eulalia Salas 135
STORE0828,Callejón Alicia Arnaiz 67
STORE0829,Paseo de Hernán Ayuso 560
STORE0830,Vial Máxima Quero 9
STORE0831,C. Esmeralda Nicolau 11
STORE0832,Pasadizo Felisa Aguirre 678
STORE0833,Rambla Flora Valverde 152
STORE0834,Avenida de Matilde Cases 1
STORE0835,Pasaje Heraclio Núñez 95
STORE0836,Avenida de Evelia Dueñas 328
STORE0837,Camino Cesar Pedraza 76
STORE0838,Plaza de Julia Tomas 26
STORE0839,Alameda de Dani Uría 32
STORE0840,Pasadizo de Clotilde Chico 1
STORE0841,Via Cayetana Iglesia 86
STORE0842,Via de Fabio Neira 67
STORE0843,Plaza de Clemente Beltran 76
STORE0844,Calle Nuria Trillo 255
STORE0845,C. Anacleto Ballesteros 8
STORE0846,Vial Albina Jurado 94
STORE0847,Plaza Belén Barroso 652
STORE0848,Rambla Socorro Benavides 68
STORE0849,Glorieta de Rodolfo Dalmau 19
STORE0850,Rambla de Melisa Navarro 39
STORE0851,Avenida de Patricio Jaume 79
STORE0852,Acceso Purificación Molina 1
STORE0853,Avenida Rafa Gimenez 7
STORE0854,Calle de Oriana Carro 23
STORE0855,Vial de Isaura Arco 37
STORE0856,Callejón de Montserrat Quesada 51
STORE0857,Alameda Bienvenida Delgado 93
STORE0858,Glorieta de Aristides Murillo 4
STORE0859,Urbanización de Lupe Bustos 5
STORE0860,Camino de Carina Jaén 56
STORE0861,Glorieta de Isidro Guillén 347
STORE0862,Cuesta de Zacarías Valera 70
STORE0863,Pasaje de Isaac Mateu 8
STORE0864,Paseo de Leonardo Plana 68
STORE0865,Via María José Pizarro 37
STORE0866,Via de Gaspar Elorza 39
STORE0867,Avenida Ale Robles 94
STORE0868,Pasadizo Miriam Solana 30
STORE0869,Pasaje de Sosimo Rios 49
STORE0870,Rambla José Toro 2
STORE0871,Glorieta de Gerónimo Montaña 32
STORE0872,Pasadizo Cristina Briones 809
STORE0873,Alameda Evangelina Peralta 85
STORE0874,Via de Onofre Elorza 71
STORE0875,Ronda Florinda Ariño 767
STORE0876,Pasadizo de Bernardita Mayol 36
STORE0877,Glorieta de Simón Esparza 8
STORE0878,Pasadizo de Tecla Gomila 30
STORE0879,Pasaje de Bernardino Marqués 65
STORE0880,Paseo de Marisa Gallart 199
STORE0881,Acceso Jose Ignacio Vélez 749
STORE0882,Plaza Bernardita Pinto 12
STORE0883,Vial de Calixto Arcos 1
STORE0884,Plaza de Jennifer Salvà 50
STORE0885,Alameda Martin Salmerón 32
STORE0886,Glorieta Hermenegildo Ariza 9
STORE0887,Calle Marina Sáenz 6
STORE0888,Cuesta de Máximo Soler 98
STORE0889,Avenida de Josué Navarrete 42
STORE0890,Via de Ovidio Araujo 27
STORE0891,Glorieta Carmelo Cid 74
STORE0892,Vial de Merche Giner 2
STORE0893,Plaza de Clotilde Pla 649
STORE0894,Rambla Candelaria Peñas 6
STORE0895,Via Rico León 4
STORE0896,Acceso de Tito Carmona 63
STORE0897,Alameda de Severiano Valencia 51
STORE0898,Alameda de Dora Verdugo 9
STORE0899,Ronda de Glauco Galán 79
STORE0900,Pasaje de Jose Luis Barrera 22
STORE0901,Ronda Edu Vendrell 15
STORE0902,Via Vera Pazos 52
STORE0903,Calle de Íñigo Carrión 1
STORE0904,Camino Albert Galván 54
STORE0905,C. de Agustina Ledesma 1
STORE0906,Ronda de Fabricio Menéndez 6
STORE0907,Glorieta de Mariana Tirado 908
STORE0908,Acceso Consuelo Terrón 32
STORE0909,Rambla Ruy Barreda 199
STORE0910,Cuesta Liliana Arana 177
STORE0911,Camino Zacarías Ayllón 7
STORE0912,Via Isaías Mendoza 45
STORE0913,Via Claudia Goicoechea 34
STORE0914,Cañada de Wálter Espada 63
STORE0915,Vial Rafaela Barros 937
STORE0916,Cuesta Odalis Ochoa 75
STORE0917,Urbanización Moisés Ferrán 11
STORE0918,Calle Rafaela Miguel 1
STORE0919,Via Lisandro Lladó 485
STORE0920,Vial Alexandra Elorza 1
STORE0921,Cañada Santiago Torrent 42
STORE0922,Urbanización de Ignacia Blasco 580
STORE0923,Ronda Lino Bautista 42
STORE0924,Plaza de María Luisa Chaparro 18
STORE0925,Paseo María Granados 477
STORE0926,Camino de Florina Abril 4
STORE0927,C. Marcelino Checa 5
STORE0928,Ronda Macaria Perales 82
STORE0929,Via Josué Quintero 39
STORE0930,Pasadizo de Milagros Pallarès 659
STORE0931,C. de Plinio Pedrero 70
STORE0932,Callejón de Marina Adán 561
STORE0933,Plaza Isa Corbacho 20
STORE0934,C. Débora Portero 39
STORE0935,C. de José Manuel Silva 846
STORE0936,Paseo de Josefina Lasa 68
STORE0937,Rambla Jacobo Elías 66
STORE0938,Cañada de Victorino Piñol 896
STORE0939,Avenida Esperanza Estrada 6
STORE0940,Callejón Irma Diaz 85
STORE0941,Via de Evita Arranz 92
STORE0942,Acceso de Íñigo Martinez 48
STORE0943,Glorieta Clotilde Rodríguez 6
STORE0944,Ronda Fabricio Cobos 3
STORE0945,Paseo Tomasa Solana 941
STORE0946,Plaza Fernando Menéndez 845
STORE0947,Urbanización de Ileana Abad 18
STORE0948,Vial Febe Menendez 3
STORE0949,Vial de Teodoro Agullo 18
STORE0950,Cañada Damián Blazquez 952
STORE0951,Urbanización Zaida Ferrero 65
STORE0952,Camino Segismundo Valls 75
STORE0953,Camino de Maricruz Nuñez 4
STORE0954,Alameda de Amílcar Riera 83
STORE0955,Ronda de Joan Borrell 2
STORE0956,Plaza Ángel Blanes 8
STORE0957,Avenida Raimundo Vega 39
STORE0958,Via Rodrigo Bauzà 41
STORE0959,Calle Matías Marín 3
STORE0960,Callejón Vito Hurtado 18
STORE0961,Glorieta de Vicente Miralles 81
STORE0962,C. Juana Lopez 91
STORE0963,Paseo de Lázaro Benavent 6
STORE0964,Calle Amador Fortuny 28
STORE0965,Ronda de Bernardo Blanco 8
STORE0966,Vial de Eli Sánchez 896
STORE0967,Plaza Isidro Pont 58
STORE0968,Urbanización de Eliana Coello 30
STORE0969,Calle Andrea Abella 20
STORE0970,Pasaje de Héctor Guerra 19
STORE0971,Calle de Teo Cañizares 55
STORE0972,Paseo Cristina Soto 41
STORE0973,Vial de Rita Franco 1
STORE0974,Glorieta Manolo Cerdán 25
STORE0975,Paseo Cornelio Martorell 32
STORE0976,Acceso Olalla Sandoval 130
STORE0977,Rambla Albina Álvarez 6
STORE0978,Plaza de Jennifer Alcalde 6
STORE0979,Via Anacleto Zapata 39
STORE0980,Paseo Casandra Reguera 95
STORE0981,Ronda de Jovita Maza 27
STORE0982,Plaza de Timoteo Parejo 8
STORE0983,Avenida de Consuela Cerro 30
STORE0984,Paseo Antonio Llorente 93
STORE0985,Rambla de Toño Ávila 73
STORE0986,Vial de Juan Camino 99
STORE0987,Paseo Mohamed Vilalta 97
STORE0988,Camino de Jordana Soriano 20
STORE0989,Avenida de Bienvenida Neira 35
STORE0990,Alameda de Ibán Hoyos 29
STORE0991,Camino de Leonardo Riba 53
STORE0992,Callejón de Sandra Cerdá 79
STORE0993,C. Graciela Noguera 25
STORE0994,Pasadizo Edelmiro Murillo 335
STORE0995,Urbanización Ernesto Gomez 9
STORE0996,Camino de Aureliano Puig 321
STORE0997,Vial Gregorio Alfaro 96
STORE0998,Acceso Ana Coca 818
STORE0999,Ronda Cruz Mulet 71
STORE1000,Vial Ciríaco Landa 53
STORE1001,Glorieta Gonzalo Pera 39
STORE1002,Pasaje Jimena Ortega 6
STORE1003,C. de Blanca Alcalá 64
STORE1004,Via Glauco Serrano 9
STORE1005,Camino Mónica Canet 4
STORE1006,Acceso Chema Abella 77
STORE1007,Alameda Valerio Fabra 52
STORE1008,Rambla Diana Franch 86
STORE1009,Plaza Laura Barceló 81
STORE1010,Plaza de Agapito Vigil 96
STORE1011,Cuesta Baltasar Cuadrado 59
STORE1012,C. de Ciríaco Quintanilla 63
STORE1013,Avenida de Martin Porcel 25
STORE1014,Rambla Gloria Saavedra 1
STORE1015,Camino Sancho Crespi 13
STORE1016,Cañada Flora Nevado 7
STORE1017,Camino Sandra Castellanos 27
STORE1018,Vial de Sofía Ayuso 38
STORE1019,Acceso Desiderio Porcel 805
STORE1020,Via Eugenia Reguera 257
STORE1021,Vial Samu Ferrando 20
STORE1022,Alameda de Begoña Iglesias 1
STORE1023,Ronda de Victor Abril 583
STORE1024,Cuesta Amor Echevarría 75
STORE1025,Rambla Urbano Bonilla 623
STORE1026,Alameda Flavia Luque 69
STORE1027,Plaza Paloma Gordillo 4
STORE1028,Urbanización Ruperto Heredia 11
STORE1029,Rambla Ignacio Menendez 27
STORE1030,Rambla de Eusebia Alemany 40
STORE1031,Ronda de Lola Busquets 5
STORE1032,Pasadizo de Fabricio Amo 396
STORE1033,Cuesta Odalys Porcel 31
STORE1034,Cuesta Amor Salas 13
STORE1035,Avenida Imelda Benitez 84
STORE1036,Camino Montserrat Arteaga 895
STORE1037,Acceso de Calixto Correa 3
STORE1038,Pasaje Celestina Nadal 59
STORE1039,Urbanización de Candelario Barberá 49
STORE1040,Paseo Asdrubal Rosales 786
STORE1041,Pasadizo de Wilfredo Zamorano 16
STORE1042,C. Florinda Sobrino 1
STORE1043,Acceso Abilio Lluch 5
STORE1044,Acceso de Ruth Tapia 5
STORE1045,Pasaje Lorenza Torrens 28
STORE1046,Rambla de Coral Barba 282
STORE1047,Alameda Ramiro Sola 38
STORE1048,Urbanización Candelaria Rojas 64
STORE1049,C. de Saturnino Garmendia 8
STORE1050,Rambla Casandra Barco 5
STORE1051,Callejón Isabel Moll 6
STORE1052,Via Emigdio Alcázar 92
STORE1053,Callejón de Álvaro Carbajo 7
STORE1054,Plaza Valentín Perea 38
STORE1055,Pasaje de Selena Exposito 552
STORE1056,Cuesta Elías Duque 1
STORE1057,Plaza de Jordán Villalba 18
STORE1058,Pasaje Fernanda Leal 500
STORE1059,Callejón de Natalio Abad 2
STORE1060,Camino Azahar Maza 2
STORE1061,Glorieta de Isidora Batlle 36
STORE1062,Ronda de Nazaret Aguilar 985
STORE1063,Urbanización de Pepito Ocaña 31
STORE1064,Rambla de Adora Gutierrez 8
STORE1065,Acceso de Agustín Mena 13
STORE1066,C. Lino Arnal 71
STORE1067,Cañada Luisa Alarcón 67
STORE1068,Callejón Eva María Mendez 134
STORE1069,Pasadizo Martirio Tapia 14
STORE1070,Plaza de Octavia Angulo 23
STORE1071,Callejón de Timoteo Plaza 3
STORE1072,Rambla de Cruz Salazar 269
STORE1073,Via de Rebeca Artigas 6
STORE1074,Acceso de Flor Beltran 5
STORE1075,Cuesta Candela Tormo 88
STORE1076,Glorieta de Cristóbal Rius 573
STORE1077,Acceso de Clementina Fiol 926
STORE1078,Urbanización de Paola Echeverría 28
STORE1079,Ronda de Evelia Hernandez 3
STORE1080,Paseo de Modesto Acevedo 66
STORE1081,Calle Régulo Calderon 65
STORE1082,Pasaje de Duilio Román 865
STORE1083,Plaza de Amaya Ferrando 40
STORE1084,Rambla Guiomar Ortuño 45
STORE1085,Cuesta Raimundo Bru 54
STORE1086,C. Jacinto Aroca 82
STORE1087,Avenida de Áurea Ledesma 42
STORE1088,Cañada de Benigno Posada 80
STORE1089,Ronda de Adriana Mir 23
STORE1090,Paseo de Ani Carrillo 94
STORE1091,Urbanización de Marino Rey 39
STORE1092,Acceso Rosa María Goicoechea 3
STORE1093,Paseo Pili Cobos 87
STORE1094,Pasadizo de Jose Manuel Santana 7
STORE1095,Plaza Prudencia Vallejo 7
STORE1096,Camino Baudelio Zamorano 68
STORE1097,C. de Fortunata Puente 6
STORE1098,Avenida de Felipa Arco 2
STORE1099,Vial Natividad Quero 90
STORE1100,Ronda Primitiva Soria 3
STORE1101,Camino de Calixto Escobar 3
STORE1102,Rambla Angelina Barceló 41
STORE1103,Vial de Venceslás Neira 37
STORE1104,Callejón de Loida Costa 60
STORE1105,Acceso de Nuria Barragán 90
STORE1106,Calle de Estefanía Heredia 70
STORE1107,Calle Griselda Calderon 96
STORE1108,Camino de Inés Díaz 6
STORE1109,Callejón Cornelio Sobrino 4
STORE1110,Pasaje de Hector Navas 9
STORE1111,Rambla de Mariano Rosado 54
STORE1112,Cuesta de Candela Zaragoza 1
STORE1113,Cuesta de Selena Salinas 1
STORE1114,Paseo de Leandra Vélez 371
STORE1115,Calle Celia Trillo 6
STORE1116,Callejón de Natividad Moles 2
STORE1117,Calle Alejandro Peralta 39
STORE1118,Pasaje de Porfirio Hernández 2
STORE1119,Plaza de Leopoldo Blanco 64
STORE1120,Vial Ceferino Garzón 3
STORE1121,Pasaje de Quique Bautista 22
STORE1122,Glorieta de Kike Román 71
STORE1123,C. de Yaiza Santana 3
STORE1124,Via Belén Benitez 76
STORE1125,Callejón de Wilfredo Lopez 64
STORE1126,Avenida de José Antonio Ochoa 93
STORE1127,Alameda Hilda Huguet 983
STORE1128,Cuesta Emelina Palomares 18
STORE1129,Avenida de Yésica Lamas 622
STORE1130,Cañada Xiomara Múgica 91
STORE1131,Cuesta de Eli Marco 56
STORE1132,Camino Patricia Benet 54
STORE1133,Vial de Lázaro Melero 595
STORE1134,Calle Elisa Puerta 125
STORE1135,Plaza de Íngrid Ballesteros 81
STORE1136,Via Francisco Ugarte 14
STORE1137,Via Evita García 1
STORE1138,Acceso de Juan Carlos Calatayud 51
STORE1139,Acceso de Olimpia Bernat 697
STORE1140,Vial de Claudia Pombo 534
STORE1141,Glorieta de Julia Morillo 14
STORE1142,Alameda de Flor Perera 64
STORE1143,Cañada de Sonia Carbó 33
STORE1144,Vial de Humberto Ros 99
STORE1145,Pasadizo de Damián Sacristán 3
STORE1146,Camino de Xavier Llabrés 54
STORE1147,Alameda de Tito Ródenas 7
STORE1148,Ronda Esteban Llopis 53
STORE1149,Cuesta Francisca Sanchez 10
STORE1150,Cañada Fernando Camacho 44
STORE1151,Camino Jerónimo Nogués 38
STORE1152,C. Primitiva Serra 22
STORE1153,Alameda Lucho Hurtado 70
STORE1154,Calle de Ricardo Vilalta 6
STORE1155,Vial de Hortensia Fabregat 44
STORE1156,Cañada Luciana Fabra 517
STORE1157,Pasadizo Chucho Cuadrado 13
STORE1158,Glorieta Candela Carranza 97
STORE1159,Cuesta de Nicodemo Laguna 87
STORE1160,Urbanización Anita Abella 33
STORE1161,C. Ernesto Marín 93
STORE1162,Avenida Débora Anglada 82
STORE1163,Acceso de Mariano Ibarra 53
STORE1164,Plaza Áurea Barrena 77
STORE1165,Plaza José María Chacón 50
STORE1166,C. de Rafaela Jódar 86
STORE1167,Plaza de Virgilio Portillo 59
STORE1168,Urbanización Lourdes Tejera 93
STORE1169,Acceso Amparo Cordero 62
STORE1170,Vial de Nidia Arroyo 2
STORE1171,Cañada de Iris Perez 37
STORE1172,Callejón Ricardo Morata 79
STORE1173,Pasaje de Marisa Camacho 991
STORE1174,Cañada Iker Vigil 95
STORE1175,Glorieta Sancho Gras 1
STORE1176,Calle Salomón Sáenz 31
STORE1177,Plaza de Abigaíl Castejón 27
STORE1178,C. Alicia Vizcaíno 46
STORE1179,Cuesta de Lara Alsina 35
STORE1180,Alameda de Herminia Bou 37
STORE1181,Urbanización de Nuria Valencia 45
STORE1182,Avenida Florencio Pinto 63
STORE1183,Acceso de Alberto Rivero 18
STORE1184,Pasadizo de José Luis Mora 30
STORE1185,Ronda de Damián Ramirez 87
STORE1186,Paseo de Basilio Beltran 154
STORE1187,Plaza Mireia Roman 59
STORE1188,Vial de Pastor Ortuño 4
STORE1189,Cañada Macarena Valbuena 12
STORE1190,Cañada Zoraida Roig 82
STORE1191,Via de Porfirio Benet 410
STORE1192,Calle Lina Cerro 255
STORE1193,Pasadizo de Crescencia Manzano 53
STORE1194,Calle de Rodrigo Calvo 78
STORE1195,Cuesta Amor Barragán 4
STORE1196,Cuesta de Amador Suárez 211
STORE1197,Glorieta de José Antonio Boada 639
STORE1198,Vial de Nuria Vendrell 374
STORE1199,Pasadizo Rosaura Soler 776
STORE1200,Paseo Úrsula Artigas 39
STORE1201,Cañada de Hugo Manrique 91
STORE1202,Rambla Kike Barba 19
STORE1203,Ronda de Carla Nogués 56
STORE1204,Cuesta Esteban Manrique 8
STORE1205,Callejón Maura Santos 3
STORE1206,Pasaje Hernán Simó 6
STORE1207,Ronda Mayte Samper 6
STORE1208,Avenida Conrado Losa 65
STORE1209,Alameda Toño Cobo 3
STORE1210,Acceso Albert Ibarra 38
STORE1211,Pasadizo de María Dolores Nevado 35
STORE1212,Calle Jenaro Cañellas 83
STORE1213,Urbanización de Angelita Moraleda 591
STORE1214,Callejón Raúl Cerdán 23
STORE1215,Pasadizo de Ale Palmer 99
STORE1216,Rambla Donato Arellano 245
STORE1217,Vial Brunilda Arellano 8
STORE1218,Plaza Hernán Cobos 426
STORE1219,Via Albino Arnal 71
STORE1220,Plaza Tatiana Cordero 73
STORE1221,C. de Jose Ignacio Sobrino 36
STORE1222,Callejón de Encarna Hoz 66
STORE1223,Cuesta Angelita Alcántara 4
STORE1224,Via de Teófilo Morán 11
STORE1225,Pasadizo de Viviana Blanco 8
STORE1226,C. América Coronado 99
STORE1227,Calle de Hugo Acedo 106
STORE1228,Rambla Elba Santamaria 199
STORE1229,Glorieta de Román Sales 61
STORE1230,Cañada de Herminia Vives 56
STORE1231,C. Goyo Vidal 28
STORE1232,Cuesta de Felicia Ángel 6
STORE1233,C. Luciana Velasco 24
STORE1234,Plaza de Jesusa Berenguer 36
STORE1235,Acceso de Jose Angel Echeverría 39
STORE1236,Ronda de Juan José Carrillo 530
STORE1237,Avenida Miguel Boada 8
STORE1238,Pasadizo Rómulo Durán 12
STORE1239,Rambla de Ana Belén Francisco 9
STORE1240,Plaza Dani Melero 9
STORE1241,Urbanización Coral Vara 19
STORE1242,Alameda Victor Manuel Escrivá 202
STORE1243,Plaza Chita Huguet 4
STORE1244,Pasadizo de Máximo Canales 93
STORE1245,Cuesta Enrique Expósito 85
STORE1246,Plaza Valentín Zamora 40
STORE1247,Avenida Rico Galán 95
STORE1248,Callejón Belén Lara 6
STORE1249,Camino Feliciana Chacón 81
STORE1250,Pasaje de María Del Carmen Huerta 81
STORE1251,Paseo África Ortega 16
STORE1252,Vial de Ruperta Gisbert 35
STORE1253,Acceso Eva Mínguez 81
STORE1254,Pasaje de Elba Blanch 78
STORE1255,Ronda de Jesusa Torrens 67
STORE1256,Glorieta de Josefina Torrent 242
STORE1257,C. Genoveva Iglesia 91
STORE1258,Paseo de Juan Francisco Azorin 59
STORE1259,Camino Ruperto Ávila 76
STORE1260,Ronda Diana Gálvez 1
STORE1261,Avenida Ester Sastre 58
STORE1262,Pasadizo Oriana Lorenzo 5
STORE1263,Alameda Conrado Sevilla 36
STORE1264,Pasadizo Eusebio Vilanova 2
STORE1265,Camino Hermenegildo Simó 774
STORE1266,Plaza de Loreto Cardona 78
STORE1267,Camino Américo Cruz 34
STORE1268,Pasadizo de Teresita Montserrat 4
STORE1269,Cañada Paula Feliu 74
STORE1270,Avenida de Iker Pera 31
STORE1271,Glorieta de Enrique Iniesta 66
STORE1272,C. de Ruth Acevedo 458
STORE1273,C. Antonio Carbajo 973
STORE1274,Callejón Mercedes Acevedo 37
STORE1275,Via de Cruz Carbó 10
STORE1276,C. de Albino Prat 79
STORE1277,Pasadizo de Luis Parejo 49
STORE1278,Avenida Gertrudis Arregui 663
STORE1279,Via Bernarda Barón 13
STORE1280,Alameda de Francisco Amores 81
STORE1281,C. de Gastón Izaguirre 58
STORE1282,Ronda de Teresita Bartolomé 11
STORE1283,Urbanización Adela Arrieta 98
STORE1284,Vial de Lalo Solís 176
STORE1285,Plaza Cruz Cid 265
STORE1286,Avenida de Marc Moll 37
STORE1287,Callejón de Che Pombo 16
STORE1288,Plaza de Emilia Bilbao 3
STORE1289,Cañada de Eli Carlos 472
STORE1290,Urbanización de Débora Carrera 87
STORE1291,Cuesta de Tomás Hidalgo 7
STORE1292,Paseo Cayetana Puente 9
STORE1293,Acceso Modesta Hernandez 35
STORE1294,Avenida de Víctor Alberto 14
STORE1295,Glorieta de Lucas Palomares 17
STORE1296,Glorieta de Custodio Roma 79
STORE1297,Urbanización Humberto Bonilla 89
STORE1298,Glorieta de Amor Linares 207
STORE1299,Via de Jose Antonio Falcó 64
STORE1300,Cuesta de Onofre Salamanca 24
STORE1301,Paseo de Valerio Quero 32
STORE1302,Pasaje Fito Téllez 41
STORE1303,Plaza de Erasmo Dueñas 1
STORE1304,Calle Herberto Casal 547
STORE1305,Paseo Sandra Jordán 21
STORE1306,Ronda de Eric Valverde 82
STORE1307,Cuesta Claudio Alonso 12
STORE1308,Pasadizo Eliana Delgado 56
STORE1309,Urbanización Pía Olmo 40
STORE1310,C. de Severino Ropero 70
STORE1311,C. Nazario Carpio 2
STORE1312,Pasaje Montserrat Porcel 3
STORE1313,Rambla de Pánfilo Arregui 23
STORE1314,Cañada de Coral Sales 201
STORE1315,Callejón Vidal Castilla 7
STORE1316,C. Rafael Elorza 8
STORE1317,Alameda Bernardita Castilla 77
STORE1318,Calle Sandra Escolano 2
STORE1319,Ronda Alma Salgado 53
STORE1320,Avenida de Teófilo Barranco 1
STORE1321,Alameda Mercedes Moya 96
STORE1322,Glorieta Juan Antonio Diego 808
STORE1323,Cuesta Jose Luis Lucena 211
STORE1324,Camino Cosme Jaume 83
STORE1325,Pasaje de Joan Luque 34
STORE1326,Acceso de Isaac Gual 44
STORE1327,Plaza de Ema Céspedes 8
STORE1328,Cañada Adela Barrio 808
STORE1329,Paseo de Máxima Tormo 22
STORE1330,Urbanización de Eugenia Codina 16
STORE1331,Camino Édgar Valdés 33
STORE1332,Calle Encarnacion Diéguez 24
STORE1333,Pasadizo de Nacio Reina 60
STORE1334,Camino de Rosalina Luján 8
STORE1335,Pasadizo de Ascensión Pedrero 72
STORE1336,Callejón de Lorenza Campos 4
STORE1337,Cañada Ana Sobrino 44
STORE1338,Cuesta de Carmelo Cervera 65
STORE1339,Plaza de Calisto Adadia 93
STORE1340,Calle de Cruz Vallés 23
STORE1341,Glorieta de Tamara Valderrama 35
STORE1342,Calle de Octavia Escrivá 799
STORE1343,Via Charo Lillo 82
STORE1344,Urbanización de Nicolasa Báez 26
STORE1345,Vial Máximo Tomé 86
STORE1346,Cañada de Adelia Rico 58
STORE1347,Urbanización de Casemiro Mas 88
STORE1348,Glorieta Martirio Salgado 10
STORE1349,Glorieta de Chus Peinado 63
STORE1350,C. Bartolomé Redondo 82
STORE1351,Alameda Jacinto Angulo 52
STORE1352,Plaza de Marcela Sabater 24
STORE1353,Calle de Encarna Araujo 1
STORE1354,Callejón Noelia Amo 81
STORE1355,Alameda de Adán Madrigal 46
STORE1356,Plaza de Albert Arnau 610
STORE1357,Cuesta Federico Cisneros 87
STORE1358,Cañada Pablo Rosa 2
STORE1359,Camino de Julieta Naranjo 95
STORE1360,Pasaje Almudena Almazán 93
STORE1361,Via de Belen Borrás 64
STORE1362,Rambla Judith Yáñez 223
STORE1363,Calle Yaiza Cózar 63
STORE1364,Pasadizo de Amancio Jara 5
STORE1365,Camino de Anabel Solsona 85
STORE1366,Rambla de Emelina Cepeda 14
STORE1367,Camino de Claudio Villena 6
STORE1368,Cuesta de Melchor Cabello 8
STORE1369,Rambla de José Manuel Medina 19
STORE1370,Pasaje de María Cristina Amador 64
STORE1371,Via de Corona Flores 94
STORE1372,Avenida de Damián Pareja 94
STORE1373,Paseo de Yaiza Paredes 16
STORE1374,Calle Lucio Vizcaíno 58
STORE1375,Pasadizo de Remedios Juárez 44
STORE1376,Acceso Xiomara Canet 42
STORE1377,Pasaje Carmelo Bonet 59
STORE1378,Pasadizo Candela Vargas 55
STORE1379,Avenida Fabio Méndez 81
STORE1380,Cañada Rosalía Grau 28
STORE1381,Plaza Sara Pablo 1
STORE1382,Callejón Rufina Peña 191
STORE1383,Cuesta Miriam Solera 6
STORE1384,Calle Pancho Carvajal 72
STORE1385,Urbanización Vito Galán 6
STORE1386,Urbanización Bibiana Calderón 40
STORE1387,C. Cesar Farré 3
STORE1388,Plaza de Fabiola Vázquez 1
STORE1389,Pasaje de Juliana Piñeiro 172
STORE1390,Ronda de Ovidio Talavera 4
STORE1391,Pasadizo de Fanny Carballo 94
STORE1392,Urbanización de Adrián Doménech 13
STORE1393,Callejón de Marisela Tello 875
STORE1394,Via Lupe Iñiguez 992
STORE1395,Callejón de Iker Bru 66
STORE1396,Alameda Alicia Blazquez 99
STORE1397,Paseo Selena Jaén 791
STORE1398,Via Xavier Heredia 8
STORE1399,Plaza Santos Jordá 50
STORE1400,C. de Eloy Sarmiento 809
STORE1401,Camino Ciríaco Falcó 587
STORE1402,Ronda Ibán Sala 11
STORE1403,Paseo Clímaco Jerez 84
STORE1404,Ronda Jimena Pou 348
STORE1405,Avenida Sonia Toledo 6
STORE1406,Plaza de Edu Gonzalez 26
STORE1407,Via Tamara Bueno 8
STORE1408,Pasaje de Albina Acedo 1
STORE1409,Glorieta de Delfina Gisbert 29
STORE1410,Avenida de Graciana Cordero 55
STORE1411,Paseo de Evelia Sancho 25
STORE1412,Plaza María Cristina Murcia 26
STORE1413,Ronda de Carolina Iglesia 4
STORE1414,Paseo Lope Yuste 64
STORE1415,Via de Berta Cabo 2
STORE1416,Alameda Emiliano Solís 64
STORE1417,Camino Ciriaco Ramirez 28
STORE1418,Avenida Aristides Granados 72
STORE1419,Via de Carlito Font 30
STORE1420,Callejón de Almudena Vidal 42
STORE1421,Pasaje de Encarna Otero 544
STORE1422,Callejón de Carlos Moraleda 496
STORE1423,C. de Teodora Royo 8
STORE1424,Avenida Jessica Reig 490
STORE1425,Vial Águeda Pinto 914
STORE1426,Ronda de María Teresa Marin 306
STORE1427,Plaza de Leocadia Campos 34
STORE1428,Ronda Omar Cáceres 29
STORE1429,Rambla de Rafaela Benavente 67
STORE1430,Urbanización Rufina Bello 3
STORE1431,Ronda Fabricio Pedrero 150
STORE1432,C. Anselmo Raya 609
STORE1433,Pasaje de Florentina Cervantes 47
STORE1434,Alameda Leandra Belda 97
STORE1435,Alameda de Macario Mur 82
STORE1436,Ronda Antonia Aguilar 91
STORE1437,Pasadizo de Martirio Solano 7
STORE1438,Acceso de Alcides Vendrell 21
STORE1439,Alameda Ámbar Perales 20
STORE1440,Cañada Fito Galán 5
STORE1441,Vial de Tristán Badía 77
STORE1442,Cuesta Celestino Pastor 164
STORE1443,Plaza Jessica Plana 4
STORE1444,Pasaje de Ana Pelayo 45
STORE1445,Paseo de Urbano Montero 32
STORE1446,Plaza de Pepe Aroca 10
STORE1447,Cuesta Tiburcio Barros 593
STORE1448,Rambla Victor Manuel Barbero 67
STORE1449,Ronda Aroa Carbó 81
STORE1450,Pasaje de Federico Tomas 72
STORE1451,Paseo de Amílcar Pinto 69
STORE1452,Paseo Camilo Bilbao 3
STORE1453,Paseo de Marianela Piquer 355
STORE1454,Alameda Domitila Arnal 82
STORE1455,Cañada Reyes Sotelo 15
STORE1456,Glorieta de Dolores Cuesta 2
STORE1457,Ronda Miguel Ángel Fuente 56
STORE1458,Pasadizo Roldán Cárdenas 80
STORE1459,Plaza de Victorino Ríos 8
STORE1460,Plaza Cirino Girón 99
STORE1461,Pasadizo de Encarnita Barrio 60
STORE1462,Urbanización de Dan Caro 27
STORE1463,Calle Gabino Losa 596
STORE1464,Pasadizo de Amor Saez 43
STORE1465,Urbanización de Nerea Herrera 59
STORE1466,Callejón Baudelio Saavedra 609
STORE1467,Pasaje de Teófila Abellán 77
STORE1468,Glorieta Aureliano Piña 12
STORE1469,Ronda de Matías Reina 56
STORE1470,Avenida Eva María Calderón 63
STORE1471,Callejón de Francisca Alba 18
STORE1472,Rambla de Pedro Criado 74
STORE1473,Vial Yago Mena 28
STORE1474,Paseo Casemiro Segura 19
STORE1475,Acceso de Edgardo Oller 41
STORE1476,Ronda de Jacinta Benítez 78
STORE1477,Glorieta de Mauricio Ferrández 30
STORE1478,Alameda Eulalia Fortuny 34
STORE1479,Alameda Ángel Esparza 9
STORE1480,Pasadizo de Apolonia Duran 76
STORE1481,Calle Andrés Bustos 35
STORE1482,Plaza David Martorell 3
STORE1483,Via Rocío Jerez 932
STORE1484,Plaza de Felipe Llorente 567
STORE1485,Glorieta de Anastasia Anguita 135
STORE1486,Ronda Celia Coll 70
STORE1487,Cañada de Aurelia Espada 29
STORE1488,Calle de Custodio Gimenez 81
STORE1489,Avenida de Rico Uriarte 8
STORE1490,Paseo de Petrona Ripoll 31
STORE1491,Acceso de Amado Tolosa 85
STORE1492,Camino de Florentina Sainz 3
STORE1493,Urbanización de Joaquín Mínguez 39
STORE1494,Pasadizo de Juanito Salom 64
STORE1495,Cañada Pacífica Bejarano 1
STORE1496,C. Godofredo Abellán 727
STORE1497,Plaza Alfredo Herrero 24
STORE1498,Via de Alicia Marcos 2
STORE1499,Alameda de Ciríaco Yáñez 68
STORE1500,Avenida de Agapito Cuervo 13
